Name,#1,#2,#3,#4,#5,#6,#7,#8,#9,#10,Mean
TodoMVC-JavaScript-ES5,45.80500000005122,41.76500000001397,41.70499999995809,39.49500000011176,40.04500000004191,41.58000000019092,42.999999999883585,41.27000000001863,39.76000000012573,40.720000000088476,41.51450000004843
TodoMVC-JavaScript-ES5/Adding100Items,27.479999999981374,24.779999999911524,25.509999999892898,23.45000000006985,24.150000000023283,25.675000000046566,25.68999999994412,25.160000000032596,23.580000000074506,23.830000000074506,24.93050000000512
TodoMVC-JavaScript-ES5/Adding100Items/Sync,22.82999999995809,20.289999999920838,21.039999999920838,18.880000000004657,19.589999999967404,20.945000000065193,20.71999999997206,20.440000000060536,18.760000000009313,19.260000000009313,20.275499999988824
TodoMVC-JavaScript-ES5/Adding100Items/Async,4.650000000023283,4.489999999990687,4.46999999997206,4.570000000065193,4.560000000055879,4.7299999999813735,4.96999999997206,4.71999999997206,4.820000000065193,4.570000000065193,4.655000000016298
TodoMVC-JavaScript-ES5/CompletingAllItems,11.67499999993015,10.494999999995343,10.205000000074506,10.330000000074506,10.06000000005588,10.17000000004191,11.175000000046566,10.244999999995343,10.39000000001397,10.929999999934807,10.567500000016299
TodoMVC-JavaScript-ES5/CompletingAllItems/Sync,8.755000000004657,7.5,7.065000000060536,7.119999999995343,6.775000000023283,7.150000000023283,7.4850000001024455,7.150000000023283,7.209999999962747,7.400000000023283,7.361000000021886
TodoMVC-JavaScript-ES5/CompletingAllItems/Async,2.919999999925494,2.9949999999953434,3.14000000001397,3.2100000000791624,3.2850000000325963,3.0200000000186265,3.6899999999441206,3.0949999999720603,3.1800000000512227,3.5299999999115244,3.206499999994412
TodoMVC-JavaScript-ES5/DeletingAllItems,6.650000000139698,6.490000000107102,5.989999999990687,5.714999999967404,5.834999999962747,5.7350000001024455,6.134999999892898,5.864999999990687,5.790000000037253,5.960000000079162,6.016500000027008
TodoMVC-JavaScript-ES5/DeletingAllItems/Sync,6.060000000055879,5.9200000000419095,5.4799999999813735,5.2299999999813735,5.3549999999813735,5.185000000055879,5.549999999930151,5.339999999967404,5.300000000046566,5.400000000023283,5.482000000006519
TodoMVC-JavaScript-ES5/DeletingAllItems/Async,0.590000000083819,0.5700000000651926,0.5100000000093132,0.48499999998603016,0.47999999998137355,0.5500000000465661,0.5849999999627471,0.5250000000232831,0.4899999999906868,0.5600000000558794,0.5345000000204891
TodoMVC-JavaScript-ES6-Webpack-Complex-DOM,46.42499999993015,48.80499999981839,47.25500000000466,47.800000000046566,45.97999999998137,43.504999999771826,48.184999999939464,42.56999999983236,43.84000000008382,42.715000000200234,45.70799999996088
TodoMVC-JavaScript-ES6-Webpack-Complex-DOM/Adding100Items,19.43999999994412,21.01999999990221,21.089999999967404,24.000000000116415,20.49500000011176,19.57999999995809,20.36499999987427,18.634999999892898,18.835000000079162,18.315000000060536,20.177499999990687
TodoMVC-JavaScript-ES6-Webpack-Complex-DOM/Adding100Items/Sync,15.489999999990687,16.92499999993015,17.150000000023283,19.345000000088476,16.455000000074506,15.57999999995809,16.074999999953434,14.654999999911524,14.800000000046566,14.39000000001397,16.08649999999907
TodoMVC-JavaScript-ES6-Webpack-Complex-DOM/Adding100Items/Async,3.949999999953434,4.09499999997206,3.9399999999441206,4.65500000002794,4.040000000037253,4,4.289999999920838,3.9799999999813735,4.035000000032596,3.925000000046566,4.0909999999916185
TodoMVC-JavaScript-ES6-Webpack-Complex-DOM/CompletingAllItems,16.925000000046566,16.85499999986496,15.589999999967404,14.489999999990687,15.21999999997206,14.599999999976717,17.165000000037253,14.619999999995343,15.32500000006985,14.600000000093132,15.539000000001398
TodoMVC-JavaScript-ES6-Webpack-Complex-DOM/CompletingAllItems/Sync,12.979999999981374,12.79999999993015,12,10.875,10.989999999990687,11,11.65500000002794,11.010000000009313,11.090000000083819,10.990000000107102,11.539000000013038
TodoMVC-JavaScript-ES6-Webpack-Complex-DOM/CompletingAllItems/Async,3.9450000000651926,4.054999999934807,3.5899999999674037,3.6149999999906868,4.2299999999813735,3.599999999976717,5.510000000009313,3.60999999998603,4.23499999998603,3.60999999998603,3.9999999999883586
TodoMVC-JavaScript-ES6-Webpack-Complex-DOM/DeletingAllItems,10.059999999939464,10.930000000051223,10.57500000006985,9.309999999939464,10.264999999897555,9.324999999837019,10.65500000002794,9.31499999994412,9.679999999934807,9.800000000046566,9.9914999999688
TodoMVC-JavaScript-ES6-Webpack-Complex-DOM/DeletingAllItems/Sync,8.770000000018626,9.5,9.20000000006985,8.020000000018626,8.79999999993015,7.899999999906868,9.04500000004191,7.98499999998603,8.144999999902211,8.46999999997206,8.583499999984634
TodoMVC-JavaScript-ES6-Webpack-Complex-DOM/DeletingAllItems/Async,1.2899999999208376,1.4300000000512227,1.375,1.2899999999208376,1.4649999999674037,1.4249999999301508,1.6099999999860302,1.3299999999580905,1.5350000000325963,1.3300000000745058,1.4079999999841675
TodoMVC-WebComponents,20.515000000130385,19.74500000011176,20.92000000004191,20.55999999982305,19.930000000167638,19.31000000005588,19.335000000079162,19.434999999939464,20.369999999878928,20.274999999790452,20.039500000001862
TodoMVC-WebComponents/Adding100Items,10.25,10.665000000037253,11.315000000060536,11.429999999934807,10.620000000111759,10.570000000065193,10.490000000107102,10.425000000046566,11.46999999997206,10.294999999925494,10.753000000026077
TodoMVC-WebComponents/Adding100Items/Sync,5.599999999976717,5.825000000069849,6.449999999953434,6.8299999999580905,5.9200000000419095,5.840000000083819,5.810000000055879,5.790000000037253,6.5450000000419095,5.684999999939464,6.029500000015832
TodoMVC-WebComponents/Adding100Items/Async,4.650000000023283,4.839999999967404,4.865000000107102,4.599999999976717,4.700000000069849,4.7299999999813735,4.680000000051223,4.635000000009313,4.924999999930151,4.60999999998603,4.723500000010245
TodoMVC-WebComponents/CompletingAllItems,6.490000000107102,5.125,5.659999999916181,5.189999999944121,4.915000000037253,5.209999999962747,4.85999999998603,5.074999999953434,4.919999999925494,6.134999999892898,5.357999999972526
TodoMVC-WebComponents/CompletingAllItems/Sync,2.9600000000791624,2.6300000000046566,2.8449999999720603,2.644999999902211,2.60999999998603,2.634999999892898,2.574999999953434,2.5299999999115244,2.584999999962747,3.0549999999348074,2.706999999959953
TodoMVC-WebComponents/CompletingAllItems/Async,3.5300000000279397,2.4949999999953434,2.8149999999441206,2.5450000000419095,2.3050000000512227,2.575000000069849,2.2850000000325963,2.5450000000419095,2.334999999962747,3.0799999999580905,2.651000000012573
TodoMVC-WebComponents/DeletingAllItems,3.775000000023283,3.955000000074506,3.9450000000651926,3.9399999999441206,4.3950000000186265,3.5300000000279397,3.98499999998603,3.934999999939464,3.9799999999813735,3.8449999999720603,3.9285000000032597
TodoMVC-WebComponents/DeletingAllItems/Sync,3.2449999999953434,3.290000000037253,3.25,3.224999999976717,3.7100000000791624,3.0350000000325963,3.375,3.3699999999953434,3.3549999999813735,3.3199999999487773,3.3175000000046566
TodoMVC-WebComponents/DeletingAllItems/Async,0.5300000000279397,0.6650000000372529,0.6950000000651926,0.7149999999674037,0.684999999939464,0.4949999999953434,0.6099999999860302,0.5649999999441206,0.625,0.5250000000232831,0.610999999998603
TodoMVC-React-Complex-DOM,56.66500000027008,54.58499999996275,44.97000000020489,44.82999999995809,44.27500000002328,46.76500000001397,46.64999999979045,45.45999999984633,43.59499999997206,44.704999999841675,47.24999999998836
TodoMVC-React-Complex-DOM/Adding100Items,25.800000000046566,24.834999999962747,20.37000000011176,20.26999999990221,19.360000000102445,19.729999999981374,19.39499999990221,20.224999999976717,18.975000000093132,20.124999999883585,20.908499999996273
TodoMVC-React-Complex-DOM/Adding100Items/Sync,21.520000000018626,20.694999999948777,15.520000000018626,15.48499999998603,15.475000000093132,15.770000000018626,15.544999999925494,15.48499999998603,15.190000000060536,15.284999999916181,16.596999999997205
TodoMVC-React-Complex-DOM/Adding100Items/Async,4.28000000002794,4.14000000001397,4.850000000093132,4.784999999916181,3.8850000000093132,3.959999999962747,3.849999999976717,4.739999999990687,3.7850000000325963,4.839999999967404,4.311499999999069
TodoMVC-React-Complex-DOM/CompletingAllItems,18.380000000121072,18.51999999990221,15,15.104999999981374,15.014999999897555,16.589999999967404,17.374999999883585,15.040000000037253,15.604999999981374,15.425000000046566,16.20549999998184
TodoMVC-React-Complex-DOM/CompletingAllItems/Sync,14.215000000083819,13.339999999967404,10.760000000009313,10.910000000032596,10.914999999920838,12.119999999995343,12.449999999953434,10.864999999990687,11.60999999998603,11.14000000001397,11.832499999995344
TodoMVC-React-Complex-DOM/CompletingAllItems/Async,4.165000000037253,5.179999999934807,4.239999999990687,4.194999999948777,4.099999999976717,4.46999999997206,4.924999999930151,4.175000000046566,3.9949999999953434,4.285000000032596,4.3729999999864955
TodoMVC-React-Complex-DOM/DeletingAllItems,12.485000000102445,11.230000000097789,9.600000000093132,9.455000000074506,9.900000000023283,10.445000000065193,9.880000000004657,10.194999999832362,9.014999999897555,9.154999999911524,10.136000000010245
TodoMVC-React-Complex-DOM/DeletingAllItems/Sync,10.680000000051223,9.570000000065193,8.17000000004191,8.135000000009313,8.5,8.600000000093132,8.51500000001397,8.649999999906868,7.549999999930151,7.809999999939464,8.618000000005122
TodoMVC-React-Complex-DOM/DeletingAllItems/Async,1.8050000000512227,1.6600000000325963,1.4300000000512227,1.3200000000651926,1.400000000023283,1.8449999999720603,1.3649999999906868,1.5449999999254942,1.4649999999674037,1.3449999999720603,1.5180000000051224
TodoMVC-React-Redux,57.44000000017695,55.28999999992084,44.29000000003725,44.08500000007916,42.8699999996461,44.63500000012573,43.90999999991618,43.13500000012573,46.08999999973457,42.23499999998603,46.39799999997486
TodoMVC-React-Redux/Adding100Items,25.375,24.81000000005588,19.62999999988824,20.205000000074506,18.47999999986496,20.57500000006985,19.645000000018626,18.440000000060536,18.42499999993015,18.065000000060536,20.36500000000233
TodoMVC-React-Redux/Adding100Items/Sync,22.104999999981374,21.570000000065193,16.554999999934807,17.14000000001397,15.514999999897555,17.46999999997206,16.474999999976717,15.505000000004657,15.449999999953434,15.085000000079162,17.28699999998789
TodoMVC-React-Redux/Adding100Items/Async,3.2700000000186265,3.2399999999906868,3.074999999953434,3.065000000060536,2.9649999999674037,3.105000000097789,3.1700000000419095,2.9350000000558794,2.974999999976717,2.9799999999813735,3.0780000000144354
TodoMVC-React-Redux/CompletingAllItems,19.57500000006985,18.97999999986496,15.385000000009313,14.849999999976717,15.154999999911524,15.31000000005588,15.164999999920838,15.220000000088476,17.31499999994412,15.070000000065193,16.202499999990685
TodoMVC-React-Redux/CompletingAllItems/Sync,16.645000000018626,16.324999999953434,12.925000000046566,12.554999999934807,12.68999999994412,12.925000000046566,12.479999999981374,12.910000000032596,13.67499999993015,12.744999999995343,13.587499999988358
TodoMVC-React-Redux/CompletingAllItems/Async,2.9300000000512227,2.6549999999115244,2.459999999962747,2.2950000000419095,2.4649999999674037,2.3850000000093132,2.684999999939464,2.3100000000558794,3.64000000001397,2.325000000069849,2.615000000002328
TodoMVC-React-Redux/DeletingAllItems,12.490000000107102,11.5,9.275000000139698,9.03000000002794,9.234999999869615,8.75,9.099999999976717,9.474999999976717,10.349999999860302,9.099999999860302,9.83049999998184
TodoMVC-React-Redux/DeletingAllItems/Sync,11.585000000079162,10.85999999998603,8.54500000004191,8.39000000001397,8.574999999953434,8.150000000023283,8.510000000009313,8.71999999997206,9.809999999939464,8.43999999994412,9.158499999996275
TodoMVC-React-Redux/DeletingAllItems/Async,0.9050000000279397,0.6400000000139698,0.7300000000977889,0.6400000000139698,0.659999999916181,0.5999999999767169,0.5899999999674037,0.7550000000046566,0.5399999999208376,0.659999999916181,0.6719999999855645
TodoMVC-Backbone,41.77000000013504,41.1349999998929,34.809999999939464,34.10499999974854,34.404999999911524,34.20000000030268,33.67500000016298,34.589999999967404,34.81999999994878,35.34000000008382,35.88500000000931
TodoMVC-Backbone/Adding100Items,22.760000000009313,22.710000000079162,17.775000000023283,17.5999999998603,17.460000000079162,17.155000000144355,18.06000000005588,17.815000000060536,18.17499999993015,18.380000000121072,18.78900000003632
TodoMVC-Backbone/Adding100Items/Sync,18.900000000023283,19.025000000023283,14.459999999962747,14.289999999920838,14.18500000005588,13.930000000051223,14.845000000088476,14.54500000004191,14.56499999994412,14.985000000102445,15.37300000002142
TodoMVC-Backbone/Adding100Items/Async,3.85999999998603,3.6850000000558794,3.315000000060536,3.309999999939464,3.275000000023283,3.2250000000931323,3.2149999999674037,3.2700000000186265,3.60999999998603,3.3950000000186265,3.4160000000149013
TodoMVC-Backbone/CompletingAllItems,11.130000000004657,10.859999999869615,10.42499999993015,9.650000000023283,9.514999999897555,10.440000000060536,9.29500000004191,10.159999999916181,10.180000000051223,10.085000000079162,10.173999999987426
TodoMVC-Backbone/CompletingAllItems/Sync,8.135000000009313,7.8299999999580905,7.35999999998603,6.739999999990687,6.814999999944121,7.320000000065193,6.625,7.189999999944121,7.275000000023283,7.125,7.241499999992084
TodoMVC-Backbone/CompletingAllItems/Async,2.9949999999953434,3.0299999999115244,3.0649999999441206,2.9100000000325963,2.699999999953434,3.1199999999953434,2.6700000000419095,2.9699999999720603,2.9050000000279397,2.9600000000791624,2.9324999999953434
TodoMVC-Backbone/DeletingAllItems,7.880000000121072,7.564999999944121,6.60999999998603,6.854999999864958,7.429999999934807,6.605000000097789,6.320000000065193,6.614999999990687,6.464999999967404,6.874999999883585,6.921999999985564
TodoMVC-Backbone/DeletingAllItems/Sync,7.215000000083819,6.9799999999813735,6.025000000023283,6.284999999916181,6.449999999953434,5.915000000037253,5.78000000002794,6.035000000032596,5.89000000001397,6.304999999934807,6.288000000000466
TodoMVC-Backbone/DeletingAllItems/Async,0.6650000000372529,0.5849999999627471,0.5849999999627471,0.5699999999487773,0.9799999999813735,0.690000000060536,0.5400000000372529,0.5799999999580905,0.5749999999534339,0.5699999999487773,0.6339999999850988
TodoMVC-Angular-Complex-DOM,54.769999999785796,53.294999999925494,42.60000000009313,41.56000000005588,37.83500000007916,40.339999999967404,38.35499999998137,40.684999999939464,39.77000000001863,38.83500000007916,42.80449999999255
TodoMVC-Angular-Complex-DOM/Adding100Items,33.81000000005588,33.815000000060536,25.474999999976717,25.25,22.800000000046566,24.084999999962747,22.62000000011176,24.279999999911524,24.029999999911524,22.445000000065193,25.861000000010243
TodoMVC-Angular-Complex-DOM/Adding100Items/Sync,29.555000000051223,30.070000000065193,21.505000000004657,21.14000000001397,18.90500000002794,20.239999999990687,18.680000000051223,20.474999999976717,20.18999999994412,18.32500000006985,21.908500000019558
TodoMVC-Angular-Complex-DOM/Adding100Items/Async,4.255000000004657,3.7449999999953434,3.9699999999720603,4.10999999998603,3.8950000000186265,3.8449999999720603,3.940000000060536,3.8049999999348074,3.8399999999674037,4.119999999995343,3.9524999999906867
TodoMVC-Angular-Complex-DOM/CompletingAllItems,11.854999999864958,10.389999999897555,9.45000000006985,8.89000000001397,7.834999999962747,8.690000000060536,8.114999999874271,8.475000000093132,8.64000000001397,8.640000000130385,9.097999999998137
TodoMVC-Angular-Complex-DOM/CompletingAllItems/Sync,7.319999999948777,6.255000000004657,5.700000000069849,5.224999999976717,4.7299999999813735,4.885000000009313,4.904999999911524,4.9799999999813735,5.1049999999813735,5.180000000051223,5.428499999991618
TodoMVC-Angular-Complex-DOM/CompletingAllItems/Async,4.534999999916181,4.134999999892898,3.75,3.665000000037253,3.1049999999813735,3.8050000000512227,3.209999999962747,3.4950000001117587,3.5350000000325963,3.4600000000791624,3.6695000000065194
TodoMVC-Angular-Complex-DOM/DeletingAllItems,9.104999999864958,9.089999999967404,7.675000000046566,7.4200000000419095,7.200000000069849,7.564999999944121,7.619999999995343,7.929999999934807,7.100000000093132,7.749999999883585,7.845499999984168
TodoMVC-Angular-Complex-DOM/DeletingAllItems/Sync,8.284999999916181,8.309999999939464,6.695000000065193,6.48499999998603,6.255000000004657,6.664999999920838,6.755000000004657,7.039999999920838,6.175000000046566,6.819999999948777,6.94849999997532
TodoMVC-Angular-Complex-DOM/DeletingAllItems/Async,0.8199999999487773,0.7800000000279397,0.9799999999813735,0.9350000000558794,0.9450000000651926,0.9000000000232831,0.8649999999906868,0.8900000000139698,0.9250000000465661,0.9299999999348074,0.8970000000088476
TodoMVC-Vue,32.51999999990221,34.26999999990221,27.20500000042375,27.010000000009313,26.505000000121072,27.194999999948777,27.154999999911524,28.015000000130385,26.060000000172295,28.15999999991618,28.40950000004377
TodoMVC-Vue/Adding100Items,18.59499999997206,19.130000000004657,14.515000000130385,14.389999999897555,14.960000000079162,14.345000000088476,14.29500000004191,15.444999999948777,14.560000000172295,15.785000000032596,15.602000000036787
TodoMVC-Vue/Adding100Items/Sync,2.7199999999720603,2.8850000000093132,2.340000000083819,2.5699999999487773,2.615000000107102,2.2950000000419095,2.48499999998603,2.5799999999580905,2.340000000083819,2.8200000000651926,2.5650000000256115
TodoMVC-Vue/Adding100Items/Async,15.875,16.244999999995343,12.175000000046566,11.819999999948777,12.34499999997206,12.050000000046566,11.81000000005588,12.864999999990687,12.220000000088476,12.964999999967404,13.037000000011176
TodoMVC-Vue/CompletingAllItems,7.789999999920838,8.70499999995809,7.240000000107102,7.035000000149012,6.680000000051223,7.5799999999580905,7.794999999925494,7.375,6.505000000004657,7.144999999902211,7.384999999997672
TodoMVC-Vue/CompletingAllItems/Sync,1.2549999998882413,1.400000000023283,1.1600000000325963,1.190000000060536,1.0150000000139698,1.534999999916181,1.2699999999022111,1.1099999999860302,1.2449999999953434,1.0449999999254942,1.2224999999743886
TodoMVC-Vue/CompletingAllItems/Async,6.535000000032596,7.304999999934807,6.080000000074506,5.845000000088476,5.665000000037253,6.0450000000419095,6.525000000023283,6.26500000001397,5.260000000009313,6.099999999976717,6.162500000023283
TodoMVC-Vue/DeletingAllItems,6.135000000009313,6.434999999939464,5.4500000001862645,5.584999999962747,4.864999999990687,5.269999999902211,5.064999999944121,5.195000000181608,4.994999999995343,5.2299999999813735,5.422500000009313
TodoMVC-Vue/DeletingAllItems/Sync,3.0100000000093132,3.0549999999348074,2.5850000000791624,2.5300000000279397,2.48499999998603,2.5399999999208376,2.5649999999441206,2.490000000107102,2.5799999999580905,2.574999999953434,2.641499999992084
TodoMVC-Vue/DeletingAllItems/Async,3.125,3.3800000000046566,2.865000000107102,3.0549999999348074,2.3800000000046566,2.7299999999813735,2.5,2.705000000074506,2.415000000037253,2.6550000000279397,2.7810000000172295
TodoMVC-jQuery,136.1500000001397,123.6500000001397,125.33499999972992,116.4900000001071,117.80499999981839,117.7949999999255,115.60999999998603,116.76999999990221,115.52499999990687,116.68500000005588,120.18149999997112
TodoMVC-jQuery/Adding100Items,35.52500000002328,34.955000000074506,31.309999999939464,31.595000000088476,31.415000000037253,32.41500000015367,30.934999999939464,31.01500000001397,31.369999999878928,32.00500000000466,32.25400000001537
TodoMVC-jQuery/Adding100Items/Sync,32.39000000001397,31.35999999998603,28.354999999981374,28.59000000008382,28.364999999990687,29.350000000093132,27.964999999967404,28.119999999995343,28.339999999967404,28.82999999995809,29.166500000003726
TodoMVC-jQuery/Adding100Items/Async,3.1350000000093132,3.5950000000884756,2.9549999999580905,3.0050000000046566,3.050000000046566,3.065000000060536,2.9699999999720603,2.8950000000186265,3.0299999999115244,3.175000000046566,3.0875000000116417
TodoMVC-jQuery/CompletingAllItems,61.565000000060536,57.82999999995809,57.454999999841675,55.79000000003725,57.514999999897555,56.89499999990221,55.20999999996275,56.28999999992084,55.28000000002794,55.33500000007916,56.9164999999688
TodoMVC-jQuery/CompletingAllItems/Sync,58.110000000102445,54.199999999953434,54.39499999990221,52.77500000002328,54.45999999996275,53.96999999997206,52.26000000000931,53.38000000000466,52.29000000003725,52.40500000002794,53.82449999999953
TodoMVC-jQuery/CompletingAllItems/Async,3.4549999999580905,3.6300000000046566,3.059999999939464,3.01500000001397,3.0549999999348074,2.924999999930151,2.949999999953434,2.909999999916181,2.9899999999906868,2.9300000000512227,3.0919999999692664
TodoMVC-jQuery/DeletingAllItems,39.06000000005588,30.865000000107102,36.56999999994878,29.104999999981374,28.874999999883585,28.484999999869615,29.46500000008382,29.464999999967404,28.875,29.34499999997206,31.01099999998696
TodoMVC-jQuery/DeletingAllItems/Sync,38.47499999997672,30.270000000018626,35.949999999953434,28.520000000018626,28.304999999934807,27.93999999994412,28.875,28.854999999981374,28.290000000037253,28.739999999990687,30.421999999985566
TodoMVC-jQuery/DeletingAllItems/Async,0.5850000000791624,0.5950000000884756,0.6199999999953434,0.5849999999627471,0.5699999999487773,0.5449999999254942,0.590000000083819,0.6099999999860302,0.5849999999627471,0.6049999999813735,0.589000000001397
TodoMVC-Preact-Complex-DOM,14.494999999995343,14.315000000176951,19.43500000005588,16,14.53000000002794,14.804999999818392,16.114999999990687,14.760000000009313,15.749999999883585,16.750000000116415,15.695500000007451
TodoMVC-Preact-Complex-DOM/Adding100Items,6.8950000000186265,6.75,10.64000000001397,8.180000000051223,6.929999999934807,7.189999999944121,8.184999999939464,7.309999999939464,7.464999999967404,8.460000000079162,7.8004999999888245
TodoMVC-Preact-Complex-DOM/Adding100Items/Sync,0.9549999999580905,0.9899999999906868,1.2349999999860302,1.025000000023283,0.9399999999441206,1.1149999999906868,1.25,1.334999999962747,0.9799999999813735,1.4350000000558794,1.1259999999892898
TodoMVC-Preact-Complex-DOM/Adding100Items/Async,5.940000000060536,5.760000000009313,9.40500000002794,7.15500000002794,5.989999999990687,6.074999999953434,6.934999999939464,5.974999999976717,6.48499999998603,7.025000000023283,6.674499999999535
TodoMVC-Preact-Complex-DOM/CompletingAllItems,5.34499999997206,5.290000000153668,6.660000000032596,5.754999999888241,5.430000000051223,5.559999999939464,5.785000000032596,5.444999999948777,6.174999999930151,6.230000000097789,5.767500000004657
TodoMVC-Preact-Complex-DOM/CompletingAllItems/Sync,0.9049999999115244,0.9600000000791624,1.1950000000651926,1.0649999999441206,0.9949999999953434,1.034999999916181,1.025000000023283,0.9749999999767169,1.1199999999953434,1.065000000060536,1.0339999999967404
TodoMVC-Preact-Complex-DOM/CompletingAllItems/Async,4.440000000060536,4.330000000074506,5.464999999967404,4.689999999944121,4.435000000055879,4.525000000023283,4.760000000009313,4.46999999997206,5.054999999934807,5.165000000037253,4.733500000007917
TodoMVC-Preact-Complex-DOM/DeletingAllItems,2.2550000000046566,2.275000000023283,2.1350000000093132,2.065000000060536,2.1700000000419095,2.0549999999348074,2.1450000000186265,2.005000000121072,2.10999999998603,2.059999999939464,2.1275000000139697
TodoMVC-Preact-Complex-DOM/DeletingAllItems/Sync,0.8599999999860302,0.7600000000093132,0.7349999999860302,0.7050000000745058,0.7399999999906868,0.7099999999627471,0.7550000000046566,0.6800000000512227,0.7299999999813735,0.7199999999720603,0.7395000000018627
TodoMVC-Preact-Complex-DOM/DeletingAllItems/Async,1.3950000000186265,1.5150000000139698,1.400000000023283,1.3599999999860302,1.4300000000512227,1.3449999999720603,1.3900000000139698,1.3250000000698492,1.3800000000046566,1.3399999999674037,1.388000000012107
TodoMVC-Svelte-Complex-DOM,12.409999999799766,13.43999999994412,12.800000000046566,14.000000000116415,14.609999999869615,14.759999999892898,11.70000000006985,14.304999999818392,11.900000000023283,12.164999999920838,13.208999999950175
TodoMVC-Svelte-Complex-DOM/Adding100Items,6.539999999920838,6.880000000004657,6.199999999953434,7.335000000079162,6.960000000079162,7.379999999888241,5.910000000149012,7.334999999962747,5.939999999944121,6.194999999948777,6.667499999993015
TodoMVC-Svelte-Complex-DOM/Adding100Items/Sync,1.2999999999301508,1.1350000000093132,1.3299999999580905,1.4899999999906868,1.3100000000558794,1.534999999916181,1.2200000000884756,1.5450000000419095,1.2449999999953434,1.2949999999254942,1.3404999999911524
TodoMVC-Svelte-Complex-DOM/Adding100Items/Async,5.239999999990687,5.744999999995343,4.869999999995343,5.845000000088476,5.650000000023283,5.84499999997206,4.690000000060536,5.789999999920838,4.694999999948777,4.900000000023283,5.3270000000018625
TodoMVC-Svelte-Complex-DOM/CompletingAllItems,4.0799999999580905,4.609999999869615,4.989999999990687,5.005000000004657,5.644999999902211,5.775000000023283,3.949999999953434,5.069999999948777,4.1100000001024455,4.260000000009313,4.749499999976251
TodoMVC-Svelte-Complex-DOM/CompletingAllItems/Sync,0.8249999999534339,0.6999999999534339,1.1099999999860302,0.7550000000046566,0.7999999999301508,0.9100000000325963,0.684999999939464,0.75,0.8300000000745058,0.7149999999674037,0.8079999999841675
TodoMVC-Svelte-Complex-DOM/CompletingAllItems/Async,3.2550000000046566,3.909999999916181,3.8800000000046566,4.25,4.84499999997206,4.864999999990687,3.26500000001397,4.319999999948777,3.2800000000279397,3.5450000000419095,3.9414999999920837
TodoMVC-Svelte-Complex-DOM/DeletingAllItems,1.7899999999208376,1.9500000000698492,1.6100000001024455,1.6600000000325963,2.0049999998882413,1.6049999999813735,1.8399999999674037,1.8999999999068677,1.849999999976717,1.709999999962747,1.791999999980908
TodoMVC-Svelte-Complex-DOM/DeletingAllItems/Sync,0.6899999999441206,0.6800000000512227,0.5800000000745058,0.5949999999720603,0.6999999999534339,0.5899999999674037,0.6850000000558794,0.6649999999208376,0.6850000000558794,0.6650000000372529,0.6535000000032596
TodoMVC-Svelte-Complex-DOM/DeletingAllItems/Async,1.099999999976717,1.2700000000186265,1.0300000000279397,1.065000000060536,1.3049999999348074,1.0150000000139698,1.1549999999115244,1.2349999999860302,1.1649999999208376,1.0449999999254942,1.1384999999776482
TodoMVC-Lit-Complex-DOM,18.58000000019092,18.175000000046566,18.699999999953434,18.70000000006985,18.64500000013504,18.569999999832362,18.240000000107102,18.365000000107102,18.34000000008382,18.67499999993015,18.499000000045633
TodoMVC-Lit-Complex-DOM/Adding100Items,9.960000000079162,9.849999999976717,10.294999999925494,10.360000000102445,9.860000000102445,10.375,10.035000000032596,10.255000000004657,9.880000000004657,10.399999999906868,10.127000000013505
TodoMVC-Lit-Complex-DOM/Adding100Items/Sync,1.2000000000698492,1.2399999999906868,1.1999999999534339,1.190000000060536,1.3100000000558794,1.2800000000279397,1.3549999999813735,1.25,1.1350000000093132,1.2949999999254942,1.2455000000074505
TodoMVC-Lit-Complex-DOM/Adding100Items/Async,8.760000000009313,8.60999999998603,9.09499999997206,9.17000000004191,8.550000000046566,9.09499999997206,8.680000000051223,9.005000000004657,8.744999999995343,9.104999999981374,8.881500000006053
TodoMVC-Lit-Complex-DOM/CompletingAllItems,5.715000000083819,5.540000000037253,5.51500000001397,5.679999999934807,5.200000000069849,5.484999999869615,5.46999999997206,5.460000000079162,5.78000000002794,5.565000000060536,5.541000000014901
TodoMVC-Lit-Complex-DOM/CompletingAllItems/Sync,1.4550000000745058,1.474999999976717,1.2650000000139698,1.3599999999860302,1.2600000000093132,1.2949999999254942,1.409999999916181,1.3300000000745058,1.474999999976717,1.290000000037253,1.3614999999990687
TodoMVC-Lit-Complex-DOM/CompletingAllItems/Async,4.260000000009313,4.065000000060536,4.25,4.319999999948777,3.940000000060536,4.189999999944121,4.060000000055879,4.130000000004657,4.305000000051223,4.275000000023283,4.179500000015833
TodoMVC-Lit-Complex-DOM/DeletingAllItems,2.9050000000279397,2.7850000000325963,2.89000000001397,2.6600000000325963,3.584999999962747,2.709999999962747,2.7350000001024455,2.650000000023283,2.6800000000512227,2.709999999962747,2.8310000000172293
TodoMVC-Lit-Complex-DOM/DeletingAllItems/Sync,1.275000000023283,1.2449999999953434,1.125,1.1400000000139698,1.6749999999301508,1.1749999999301508,1.2250000000931323,1.150000000023283,1.150000000023283,1.2049999999580905,1.2364999999990687
TodoMVC-Lit-Complex-DOM/DeletingAllItems/Async,1.6300000000046566,1.540000000037253,1.7650000000139698,1.5200000000186265,1.9100000000325963,1.5350000000325963,1.5100000000093132,1.5,1.5300000000279397,1.5050000000046566,1.5945000000181608
NewsSite-Next,104.79999999993015,106.20999999984633,103.35499999998137,102.62499999988358,103.14000000013039,102.25499999988824,103.18499999993946,101.92500000004657,104.43499999993946,105.34999999997672,103.72799999995622
NewsSite-Next/NavigateToUS,39.32000000006519,38.464999999967404,38.345000000088476,36.72499999997672,37.21500000008382,37.624999999883585,38.03000000002794,37.68999999994412,38.785000000032596,39.029999999911524,38.122999999998136
NewsSite-Next/NavigateToUS/Sync,16.570000000065193,16.209999999962747,16.28000000002794,16.125,15.755000000004657,16.084999999962747,16.239999999990687,16.505000000004657,15.78000000002794,17.224999999976717,16.277500000002327
NewsSite-Next/NavigateToUS/Async,22.75,22.255000000004657,22.065000000060536,20.599999999976717,21.460000000079162,21.539999999920838,21.790000000037253,21.184999999939464,23.005000000004657,21.804999999934807,21.84549999999581
NewsSite-Next/NavigateToWorld,33.34499999997206,33.95499999995809,32.839999999967404,33.28999999992084,33.56000000005588,32.20999999996275,32.85499999998137,32.140000000130385,33.16500000003725,33.10500000009779,33.04650000000838
NewsSite-Next/NavigateToWorld/Sync,14.069999999948777,13.774999999906868,14.005000000004657,14.375,14.375,13.84499999997206,14.145000000018626,13.845000000088476,14.195000000065193,14.415000000037253,14.10450000000419
NewsSite-Next/NavigateToWorld/Async,19.275000000023283,20.180000000051223,18.834999999962747,18.914999999920838,19.18500000005588,18.364999999990687,18.709999999962747,18.29500000004191,18.96999999997206,18.690000000060536,18.942000000004192
NewsSite-Next/NavigateToPolitics,32.1349999998929,33.78999999992084,32.169999999925494,32.60999999998603,32.36499999999069,32.42000000004191,32.29999999993015,32.09499999997206,32.484999999869615,33.214999999967404,32.55849999994971
NewsSite-Next/NavigateToPolitics/Sync,13.264999999897555,13.489999999990687,13.334999999962747,13.910000000032596,13.104999999981374,13.39000000001397,13.334999999962747,13.270000000018626,13.389999999897555,13.839999999967404,13.432999999972527
NewsSite-Next/NavigateToPolitics/Async,18.869999999995343,20.29999999993015,18.834999999962747,18.699999999953434,19.260000000009313,19.03000000002794,18.964999999967404,18.824999999953434,19.09499999997206,19.375,19.125499999977183
NewsSite-Nuxt,87.46999999997206,81.66000000026543,82.20999999984633,82.27499999990687,82.89999999979045,82.11000000021886,80.96999999985565,84.68499999993946,81.23999999987427,81.3499999998603,82.68699999995297
NewsSite-Nuxt/NavigateToUS,31.559999999939464,29.0250000001397,29.14499999990221,29.164999999920838,28.619999999995343,28.800000000046566,28.809999999939464,28.610000000102445,28.374999999883585,29.554999999934807,29.16649999998044
NewsSite-Nuxt/NavigateToUS/Sync,10.254999999888241,9.910000000032596,10.214999999967404,9.664999999920838,9.699999999953434,9.81000000005588,9.84499999997206,9.815000000060536,9.659999999916181,10.194999999948777,9.906999999971594
NewsSite-Nuxt/NavigateToUS/Async,21.305000000051223,19.115000000107102,18.929999999934807,19.5,18.92000000004191,18.989999999990687,18.964999999967404,18.79500000004191,18.714999999967404,19.35999999998603,19.25950000000885
NewsSite-Nuxt/NavigateToWorld,28.440000000060536,26.150000000023283,26.900000000023283,27.040000000037253,28.024999999906868,26.280000000144355,26.45499999995809,26.25499999988824,26.190000000060536,25.904999999911524,26.764000000001396
NewsSite-Nuxt/NavigateToWorld/Sync,9.510000000009313,9.125,9.460000000079162,10.239999999990687,10.35999999998603,9.18500000005588,9.35999999998603,9.17499999993015,9.209999999962747,9.069999999948777,9.469499999994877
NewsSite-Nuxt/NavigateToWorld/Async,18.930000000051223,17.025000000023283,17.43999999994412,16.800000000046566,17.664999999920838,17.095000000088476,17.09499999997206,17.07999999995809,16.98000000009779,16.834999999962747,17.29450000000652
NewsSite-Nuxt/NavigateToPolitics,27.46999999997206,26.485000000102445,26.164999999920838,26.069999999948777,26.25499999988824,27.03000000002794,25.70499999995809,29.819999999948777,26.67499999993015,25.89000000001397,26.75649999997113
NewsSite-Nuxt/NavigateToPolitics/Sync,9.31000000005588,9.150000000023283,9.20499999995809,9.48499999998603,8.944999999948777,9.050000000046566,8.959999999962747,9.139999999897555,9.239999999990687,8.910000000032596,9.139499999990221
NewsSite-Nuxt/NavigateToPolitics/Async,18.15999999991618,17.335000000079162,16.959999999962747,16.584999999962747,17.309999999939464,17.979999999981374,16.744999999995343,20.680000000051223,17.434999999939464,16.979999999981374,17.61699999998091
Editor-CodeMirror,52.214999999967404,35.30500000005122,23.534999999799766,24.290000000037253,24.20499999995809,23.619999999995343,23.69999999983702,23.179999999934807,23.85999999998603,23.539999999804422,27.744999999937136
Editor-CodeMirror/Long,27.81499999994412,18.289999999920838,11.389999999897555,12.080000000074506,11.18999999994412,11.53000000002794,11.334999999846332,11.065000000060536,11.57999999995809,11.344999999855645,13.761999999952968
Editor-CodeMirror/Long/Sync,21.10999999998603,13.069999999948777,7.239999999990687,7.369999999995343,7.169999999925494,7.260000000009313,7.189999999944121,6.975000000093132,7.174999999930151,7.184999999939464,9.174499999976252
Editor-CodeMirror/Long/Async,6.7049999999580905,5.21999999997206,4.149999999906868,4.710000000079162,4.0200000000186265,4.2700000000186265,4.144999999902211,4.089999999967404,4.40500000002794,4.159999999916181,4.587499999976717
Editor-CodeMirror/Highlight,24.400000000023283,17.015000000130385,12.144999999902211,12.209999999962747,13.01500000001397,12.089999999967404,12.364999999990687,12.114999999874271,12.28000000002794,12.194999999948777,13.982999999984168
Editor-CodeMirror/Highlight/Sync,22.96999999997206,15.570000000065193,10.804999999934807,10.964999999967404,11.70499999995809,10.929999999934807,11.119999999995343,10.919999999925494,10.880000000004657,10.944999999948777,12.680999999970663
Editor-CodeMirror/Highlight/Async,1.4300000000512227,1.4450000000651926,1.3399999999674037,1.2449999999953434,1.3100000000558794,1.1600000000325963,1.2449999999953434,1.1949999999487773,1.400000000023283,1.25,1.3020000000135041
Editor-TipTap,97.70499999984168,80.35999999998603,71.83999999985099,80.92000000004191,72.25500000000466,75.33500000019558,72.29500000004191,74.42500000004657,72.08999999985099,73.74999999988358,77.09749999997439
Editor-TipTap/Long,54.03999999992084,49.264999999897555,42.08499999996275,49.52000000001863,41.79000000003725,44.57500000006985,41.98999999999069,42.91500000003725,41.73999999999069,43.389999999897555,45.13099999998231
Editor-TipTap/Long/Sync,52.684999999939464,44.61499999999069,37.65000000002328,41.86999999999534,37.64000000001397,38.36499999999069,37.71999999997206,38.36499999999069,37.59999999997672,39.31499999994412,40.5824999999837
Editor-TipTap/Long/Async,1.3549999999813735,4.649999999906868,4.434999999939464,7.650000000023283,4.150000000023283,6.210000000079162,4.2700000000186265,4.550000000046566,4.14000000001397,4.074999999953434,4.548499999998603
Editor-TipTap/Highlight,43.66499999992084,31.095000000088476,29.75499999988824,31.400000000023283,30.464999999967404,30.76000000012573,30.305000000051223,31.510000000009313,30.3499999998603,30.35999999998603,31.966499999992084
Editor-TipTap/Highlight/Sync,41.48999999999069,28.96500000008382,27.664999999920838,29.285000000032596,28.339999999967404,28.675000000046566,28.29500000004191,29.39000000001397,28.29999999993015,28.184999999939464,29.85899999999674
Editor-TipTap/Highlight/Async,2.174999999930151,2.1300000000046566,2.0899999999674037,2.1149999999906868,2.125,2.0850000000791624,2.0100000000093132,2.1199999999953434,2.049999999930151,2.175000000046566,2.107499999995343
Charts-observable-plot,58.26000000012573,50.580000000074506,47.08999999973457,44.62999999988824,52.9900000001071,45.969999999855645,48.09999999997672,44.58500000007916,45.95499999995809,46.18499999970663,48.43449999995064
Charts-observable-plot/Stacked by 6,26.78500000014901,22.809999999939464,18.514999999897555,17.804999999934807,18.540000000037253,18.59499999997206,19.464999999967404,17.695000000065193,18.260000000009313,18.654999999911524,19.71249999998836
Charts-observable-plot/Stacked by 6/Sync,21.32500000006985,19.260000000009313,14.81499999994412,14.349999999976717,15.010000000009313,15.025000000023283,15.68999999994412,14.25,14.75,15.074999999953434,15.954999999993015
Charts-observable-plot/Stacked by 6/Async,5.460000000079162,3.549999999930151,3.699999999953434,3.4549999999580905,3.5300000000279397,3.5699999999487773,3.775000000023283,3.4450000000651926,3.5100000000093132,3.5799999999580905,3.7574999999953436
Charts-observable-plot/Stacked by 20,18.760000000009313,17.595000000088476,18.65999999991618,17.444999999948777,23.535000000032596,18.119999999878928,19.095000000088476,17.599999999976717,18.09499999997206,18.119999999878928,18.702499999979047
Charts-observable-plot/Stacked by 20/Sync,13.630000000004657,12.970000000088476,13.42499999993015,12.76500000001397,17.84499999997206,13.184999999939464,14.025000000023283,12.834999999962747,13.26500000001397,13.284999999916181,13.722999999986495
Charts-observable-plot/Stacked by 20/Async,5.130000000004657,4.625,5.23499999998603,4.679999999934807,5.690000000060536,4.934999999939464,5.070000000065193,4.76500000001397,4.8299999999580905,4.834999999962747,4.97949999999255
Charts-observable-plot/Dotted,12.714999999967404,10.175000000046566,9.914999999920838,9.380000000004657,10.915000000037253,9.255000000004657,9.539999999920838,9.290000000037253,9.599999999976717,9.409999999916181,10.019499999983235
Charts-observable-plot/Dotted/Sync,7.910000000032596,6.64000000001397,6.114999999990687,5.89000000001397,6.880000000004657,5.5450000000419095,5.814999999944121,5.790000000037253,5.8299999999580905,5.760000000009313,6.217500000004657
Charts-observable-plot/Dotted/Async,4.804999999934807,3.5350000000325963,3.799999999930151,3.4899999999906868,4.035000000032596,3.709999999962747,3.724999999976717,3.5,3.7700000000186265,3.6499999999068677,3.8019999999785794
Charts-chartjs,64.34999999997672,42.07999999995809,43.98500000021886,40.96499999985099,51.73500000021886,48.25500000000466,44.48000000009779,43.69499999994878,44.36500000022352,43.73999999999069,46.76500000004889
Charts-chartjs/Draw scatter,36.47999999986496,21.875,23.5250000001397,20.819999999948777,27.255000000121072,21.75,22.714999999967404,20.675000000046566,23.320000000065193,22.725000000093132,24.11400000002468
Charts-chartjs/Draw scatter/Sync,33.559999999939464,20.885000000009313,22.585000000079162,19.910000000032596,25.035000000032596,20.770000000018626,21.73499999998603,19.744999999995343,22.150000000023283,21.71500000008382,22.809000000020024
Charts-chartjs/Draw scatter/Async,2.919999999925494,0.9899999999906868,0.940000000060536,0.909999999916181,2.2200000000884756,0.9799999999813735,0.9799999999813735,0.9300000000512227,1.1700000000419095,1.0100000000093132,1.3050000000046567
Charts-chartjs/Show tooltip,14.510000000125729,7.894999999902211,8.215000000083819,8.06000000005588,9.245000000111759,12.040000000037253,8.479999999981374,9.64000000001397,8.090000000083819,8.864999999990687,9.50400000003865
Charts-chartjs/Show tooltip/Sync,0.5250000000232831,0.09499999997206032,0.14500000001862645,0.1300000000046566,0.15000000002328306,0.19000000006053597,0.11999999999534339,0.14000000001396984,0.15500000002793968,0.125,0.17750000001396984
Charts-chartjs/Show tooltip/Async,13.985000000102445,7.799999999930151,8.070000000065193,7.930000000051223,9.095000000088476,11.849999999976717,8.35999999998603,9.5,7.935000000055879,8.739999999990687,9.32650000002468
Charts-chartjs/Draw opaque scatter,13.35999999998603,12.31000000005588,12.244999999995343,12.084999999846332,15.23499999998603,14.464999999967404,13.285000000149012,13.379999999888241,12.955000000074506,12.149999999906868,13.146999999985564
Charts-chartjs/Draw opaque scatter/Sync,12.410000000032596,11.535000000032596,11.354999999981374,11.29999999993015,13.880000000004657,13.584999999962747,12.425000000046566,12.509999999892898,11.900000000023283,11.284999999916181,12.218499999982305
Charts-chartjs/Draw opaque scatter/Async,0.9499999999534339,0.7750000000232831,0.8900000000139698,0.784999999916181,1.3549999999813735,0.8800000000046566,0.8600000001024455,0.8699999999953434,1.0550000000512227,0.8649999999906868,0.9285000000032596
React-Stockcharts-SVG,113.77499999990687,86.1699999999255,87.92999999993481,88.29500000015832,86.96500000008382,83.93999999994412,90.84999999997672,86.74500000011176,89.19500000018161,88.90500000002794,90.27700000002514
React-Stockcharts-SVG/Render,35.785000000032596,23.96999999997206,23.834999999962747,25.035000000032596,24.875000000116415,23.875,24.68999999994412,23.755000000121072,24.305000000051223,24.289999999920838,25.441500000015367
React-Stockcharts-SVG/Render/Sync,31.660000000032596,20.76500000001397,20.71999999997206,21.84000000008382,21.725000000093132,20.760000000009313,21.56499999994412,20.475000000093132,21.07500000006985,21.104999999981374,22.169000000029335
React-Stockcharts-SVG/Render/Async,4.125,3.2049999999580905,3.1149999999906868,3.1949999999487773,3.150000000023283,3.1149999999906868,3.125,3.2800000000279397,3.2299999999813735,3.184999999939464,3.2724999999860303
React-Stockcharts-SVG/PanTheChart,24.03499999991618,21.65999999991618,19.85499999986496,20.835000000079162,20.199999999953434,20.074999999953434,20.76000000012573,22.119999999878928,20.20000000006985,19.990000000107102,20.972999999986495
React-Stockcharts-SVG/PanTheChart/Sync,4.71999999997206,3.8399999999674037,3.259999999892898,3.3549999999813735,3.3449999999720603,3.1949999999487773,3.5550000000512227,3.309999999939464,3.60999999998603,3.3200000000651926,3.5509999999776483
React-Stockcharts-SVG/PanTheChart/Async,19.31499999994412,17.819999999948777,16.59499999997206,17.48000000009779,16.854999999981374,16.880000000004657,17.205000000074506,18.809999999939464,16.59000000008382,16.67000000004191,17.422000000008847
React-Stockcharts-SVG/ZoomTheChart,53.95499999995809,40.54000000003725,44.2400000001071,42.425000000046566,41.89000000001397,39.98999999999069,45.39999999990687,40.87000000011176,44.690000000060536,44.625,43.86250000002328
React-Stockcharts-SVG/ZoomTheChart/Sync,52.72999999998137,39.25500000000466,42.91500000003725,41.10499999998137,40.57999999995809,38.714999999967404,44.044999999925494,39.59000000008382,43.27500000002328,43.20999999996275,42.54199999999255
React-Stockcharts-SVG/ZoomTheChart/Async,1.224999999976717,1.2850000000325963,1.3250000000698492,1.3200000000651926,1.3100000000558794,1.275000000023283,1.3549999999813735,1.2800000000279397,1.415000000037253,1.415000000037253,1.3205000000307336
Perf-Dashboard,60.60000000009313,55.65999999991618,55.04499999980908,52.72499999997672,54.154999999911524,55.220000000088476,53.09499999973923,55.53499999991618,53.839999999967404,52.704999999841675,54.85799999992596
Perf-Dashboard/Render,12.965000000083819,11.389999999897555,11.324999999953434,11.15500000002794,11.914999999920838,11.110000000102445,11.589999999967404,11.490000000107102,11.594999999855645,11.224999999976717,11.575999999989289
Perf-Dashboard/Render/Sync,10.875,9.60999999998603,9.614999999990687,9.39000000001397,9.885000000009313,9.42000000004191,9.789999999920838,9.54500000004191,9.784999999916181,9.505000000004657,9.741999999992549
Perf-Dashboard/Render/Async,2.090000000083819,1.7799999999115244,1.709999999962747,1.7650000000139698,2.0299999999115244,1.690000000060536,1.8000000000465661,1.9450000000651926,1.809999999939464,1.7199999999720603,1.8339999999967405
Perf-Dashboard/SelectingPoints,28.76500000001397,25.45499999995809,24.804999999934807,24.619999999995343,25.654999999911524,25.369999999995343,24.0999999998603,24.984999999869615,24.104999999981374,24.249999999883585,25.210999999940395
Perf-Dashboard/SelectingPoints/Sync,26.614999999990687,24.39000000001397,23.84499999997206,23.395000000018626,24.589999999967404,24.17000000004191,23.18999999994412,23.684999999939464,23.119999999995343,23.324999999953434,24.032499999983703
Perf-Dashboard/SelectingPoints/Async,2.150000000023283,1.0649999999441206,0.9599999999627471,1.224999999976717,1.0649999999441206,1.1999999999534339,0.909999999916181,1.2999999999301508,0.9849999999860302,0.9249999999301508,1.1784999999566934
Perf-Dashboard/SelectingRange,18.869999999995343,18.815000000060536,18.914999999920838,16.949999999953434,16.585000000079162,18.739999999990687,17.404999999911524,19.059999999939464,18.140000000130385,17.229999999981374,18.070999999996275
Perf-Dashboard/SelectingRange/Sync,16.244999999995343,17.32500000006985,17.839999999967404,15.614999999990687,15.489999999990687,17.574999999953434,16.34499999997206,17.849999999976717,17.07500000006985,16.165000000037253,16.75250000000233
Perf-Dashboard/SelectingRange/Async,2.625,1.4899999999906868,1.0749999999534339,1.334999999962747,1.0950000000884756,1.165000000037253,1.059999999939464,1.209999999962747,1.065000000060536,1.0649999999441206,1.3184999999939464
Geomean,48.776696867964134,44.648460925517035,41.90019982004361,41.2393971087644,41.37679880408224,41.22363880047586,40.86975701367424,40.84512725186696,40.572303006975794,40.7690931330955,42.22214727324598
Score,20.5015932650574,22.39718859891294,23.866234631216113,24.248657112096215,24.16813356526121,24.257926497950407,24.467970280944396,24.482724556924758,24.64735609975271,24.528384694145203,23.756616930226137